"H_Julian,Hartley-Sloman","Lorem ipsum dolor sit amet, consectetur adipiscing elit. Vestibulum tincidunt est vitae ultrices accumsan. Aliquam ornare lacus adipiscing, posuere lectus et, fringilla augue.",2,nyc.jpg,1481808630
"H_Julian,Hartley-Sloman","Lorem ipsum dolor sit amet, consectetur adipiscing elit. Vestibulum tincidunt ""est"" vitae ultrices accumsan. Aliquam ornare lacus adipiscing, posuere lectus et, fringilla augue.",2,nyc.jpg,1481808630
"H_Julian,Hartley-Sloman","Lorem ipsum dolor sit amet, consectetur adipiscing elit. Vestibulum tincidunt est vitae ultrices accumsan. Aliquam ornare lacus adipiscing, posuere lectus et, fringilla augue.",2,nyc.jpg,1481808630
"H_Julian,Hartley-Sloman","Lorem ipsum dolor sit amet, consectetur adipiscing elit. Vestibulum tincidunt est vitae ultrices accumsan. Aliquam ornare lacus adipiscing, posuere lectus et, fringilla augue.",2,nyc.jpg,1481808630
"H_Julian,Hartley-Sloman","Lorem ipsum dolor sit amet, consectetur adipiscing elit. Vestibulum tincidunt est vitae ultrices accumsan. Aliquam ornare lacus adipiscing, posuere lectus et, fringilla augue.",2,nyc.jpg,1481808630
"H_Julian,Hartley-Sloman","Lorem ipsum dolor sit amet, consectetur adipiscing elit. Vestibulum tincidunt est vitae ultrices accumsan. Aliquam ornare lacus adipiscing, posuere lectus et, fringilla augue.",2,nyc.jpg,1481808630
"H_Julian,Hartley-Sloman","Lorem ipsum dolor sit amet, consectetur adipiscing elit. Vestibulum tincidunt est vitae ultrices accumsan. Aliquam ornare lacus adipiscing, posuere lectus et, fringilla augue.",2,nyc.jpg,1481808630
"H_Julian,Hartley-Sloman","Lorem ipsum dolor sit amet, consectetur adipiscing elit. Vestibulum tincidunt est vitae ultrices accumsan. Aliquam ornare lacus adipiscing, posuere lectus et, fringilla augue.",2,nyc.jpg,1481808630
"H_Julian,Hartley-Sloman","Lorem ipsum dolor sit amet, consectetur adipiscing elit. Vestibulum tincidunt est vitae ultrices accumsan. Aliquam ornare lacus adipiscing, posuere lectus et, fringilla augue.",2,nyc.jpg,1481808630
"H_Julian,Hartley-Sloman","Lorem ipsum dolor sit amet, consectetur adipiscing elit. Vestibulum tincidunt est vitae ultrices accumsan. Aliquam ornare lacus adipiscing, posuere lectus et, fringilla augue.",2,nyc.jpg,1481808630
"H_Julian,Hartley-Sloman","Lorem ipsum dolor sit amet, consectetur adipiscing elit. Vestibulum tincidunt est vitae ultrices accumsan. Aliquam ornare lacus adipiscing, posuere lectus et, fringilla augue.",2,nyc.jpg,1481808630
"H_Julian,Hartley-Sloman","Lorem ipsum dolor sit amet, consectetur adipiscing elit. Vestibulum tincidunt est vitae ultrices accumsan. Aliquam ornare lacus adipiscing, posuere lectus et, fringilla augue.",2,nyc.jpg,1481808630
"H_Julian,Hartley-Sloman","Lorem ipsum dolor sit amet, consectetur adipiscing elit. Vestibulum tincidunt est vitae ultrices accumsan. Aliquam ornare lacus adipiscing, posuere lectus et, fringilla augue.",2,nyc.jpg,1481808630
"H_Julian,Hartley-Sloman","Lorem ipsum dolor sit amet, consectetur adipiscing elit. Vestibulum tincidunt est vitae ultrices accumsan. Aliquam ornare lacus adipiscing, posuere lectus et, fringilla augue.",2,nyc.jpg,1481808630
"H_Julian,Hartley-Sloman","Lorem ipsum dolor sit amet, consectetur adipiscing elit. Vestibulum tincidunt est vitae ultrices accumsan. Aliquam ornare lacus adipiscing, posuere lectus et, fringilla augue.",2,nyc.jpg,1481808630
"H_Julian,Hartley-Sloman","Lorem ipsum dolor sit amet, consectetur adipiscing elit. Vestibulum tincidunt est vitae ultrices accumsan. Aliquam ornare lacus adipiscing, posuere lectus et, fringilla augue.",2,nyc.jpg,1481808630
"H_Julian,Hartley-Sloman","Lorem ipsum dolor sit amet, consectetur adipiscing elit. Vestibulum tincidunt est vitae ultrices accumsan. Aliquam ornare lacus adipiscing, posuere lectus et, fringilla augue.",2,nyc.jpg,1481808630
"H_Julian,Hartley-Sloman","Lorem ipsum dolor sit amet, consectetur adipiscing elit. Vestibulum tincidunt est vitae ultrices accumsan. Aliquam ornare lacus adipiscing, posuere lectus et, fringilla augue.",2,nyc.jpg,1481808630
"H_Julian,Hartley-Sloman","Lorem ipsum dolor sit amet, consectetur adipiscing elit. Vestibulum tincidunt est vitae ultrices accumsan. Aliquam ornare lacus adipiscing, posuere lectus et, fringilla augue.",2,nyc.jpg,1481808630
"H_Julian,Hartley-Sloman","Lorem ipsum dolor sit amet, consectetur adipiscing elit. Vestibulum tincidunt est vitae ultrices accumsan. Aliquam ornare lacus adipiscing, posuere lectus et, fringilla augue.",2,nyc.jpg,1481808630
